--
-- PostgreSQL database dump
--

-- Dumped from database version 9.6.1
-- Dumped by pg_dump version 9.6.1

SET statement_timeout = 0;
SET lock_timeout = 0;
SET idle_in_transaction_session_timeout = 0;
SET client_encoding = 'UTF8';
SET standard_conforming_strings = on;
SET check_function_bodies = false;
SET client_min_messages = warning;
SET row_security = off;

--
-- Name: plpgsql; Type: EXTENSION; Schema: -; Owner: 
--

CREATE EXTENSION IF NOT EXISTS plpgsql WITH SCHEMA pg_catalog;


--
-- Name: EXTENSION plpgsql; Type: COMMENT; Schema: -; Owner: 
--

COMMENT ON EXTENSION plpgsql IS 'PL/pgSQL procedural language';


SET search_path = public, pg_catalog;

SET default_tablespace = '';

SET default_with_oids = false;

--
-- Name: ar_internal_metadata; Type: TABLE; Schema: public; Owner: nguyenthutrang
--

CREATE TABLE ar_internal_metadata (
    key character varying NOT NULL,
    value character varying,
    created_at timestamp without time zone NOT NULL,
    updated_at timestamp without time zone NOT NULL
);


ALTER TABLE ar_internal_metadata OWNER TO nguyenthutrang;

--
-- Name: attachinary_files; Type: TABLE; Schema: public; Owner: nguyenthutrang
--

CREATE TABLE attachinary_files (
    id integer NOT NULL,
    attachinariable_type character varying,
    attachinariable_id integer,
    scope character varying,
    public_id character varying,
    version character varying,
    width integer,
    height integer,
    format character varying,
    resource_type character varying,
    created_at timestamp without time zone,
    updated_at timestamp without time zone
);


ALTER TABLE attachinary_files OWNER TO nguyenthutrang;

--
-- Name: attachinary_files_id_seq; Type: SEQUENCE; Schema: public; Owner: nguyenthutrang
--

CREATE SEQUENCE attachinary_files_id_seq
    START WITH 1
    INCREMENT BY 1
    NO MINVALUE
    NO MAXVALUE
    CACHE 1;


ALTER TABLE attachinary_files_id_seq OWNER TO nguyenthutrang;

--
-- Name: attachinary_files_id_seq; Type: SEQUENCE OWNED BY; Schema: public; Owner: nguyenthutrang
--

ALTER SEQUENCE attachinary_files_id_seq OWNED BY attachinary_files.id;


--
-- Name: bookings; Type: TABLE; Schema: public; Owner: nguyenthutrang
--

CREATE TABLE bookings (
    id integer NOT NULL,
    event_id integer,
    user_id integer,
    review integer,
    comment text,
    pax integer,
    created_at timestamp without time zone NOT NULL,
    updated_at timestamp without time zone NOT NULL,
    status character varying
);


ALTER TABLE bookings OWNER TO nguyenthutrang;

--
-- Name: bookings_id_seq; Type: SEQUENCE; Schema: public; Owner: nguyenthutrang
--

CREATE SEQUENCE bookings_id_seq
    START WITH 1
    INCREMENT BY 1
    NO MINVALUE
    NO MAXVALUE
    CACHE 1;


ALTER TABLE bookings_id_seq OWNER TO nguyenthutrang;

--
-- Name: bookings_id_seq; Type: SEQUENCE OWNED BY; Schema: public; Owner: nguyenthutrang
--

ALTER SEQUENCE bookings_id_seq OWNED BY bookings.id;


--
-- Name: categories; Type: TABLE; Schema: public; Owner: nguyenthutrang
--

CREATE TABLE categories (
    id integer NOT NULL,
    name character varying,
    created_at timestamp without time zone NOT NULL,
    updated_at timestamp without time zone NOT NULL,
    photo_url character varying
);


ALTER TABLE categories OWNER TO nguyenthutrang;

--
-- Name: categories_id_seq; Type: SEQUENCE; Schema: public; Owner: nguyenthutrang
--

CREATE SEQUENCE categories_id_seq
    START WITH 1
    INCREMENT BY 1
    NO MINVALUE
    NO MAXVALUE
    CACHE 1;


ALTER TABLE categories_id_seq OWNER TO nguyenthutrang;

--
-- Name: categories_id_seq; Type: SEQUENCE OWNED BY; Schema: public; Owner: nguyenthutrang
--

ALTER SEQUENCE categories_id_seq OWNED BY categories.id;


--
-- Name: events; Type: TABLE; Schema: public; Owner: nguyenthutrang
--

CREATE TABLE events (
    id integer NOT NULL,
    hobby_id integer,
    price integer,
    min_pax integer,
    max_pax integer,
    created_at timestamp without time zone NOT NULL,
    updated_at timestamp without time zone NOT NULL,
    start_time timestamp without time zone,
    end_time timestamp without time zone
);


ALTER TABLE events OWNER TO nguyenthutrang;

--
-- Name: events_id_seq; Type: SEQUENCE; Schema: public; Owner: nguyenthutrang
--

CREATE SEQUENCE events_id_seq
    START WITH 1
    INCREMENT BY 1
    NO MINVALUE
    NO MAXVALUE
    CACHE 1;


ALTER TABLE events_id_seq OWNER TO nguyenthutrang;

--
-- Name: events_id_seq; Type: SEQUENCE OWNED BY; Schema: public; Owner: nguyenthutrang
--

ALTER SEQUENCE events_id_seq OWNED BY events.id;


--
-- Name: hobbies; Type: TABLE; Schema: public; Owner: nguyenthutrang
--

CREATE TABLE hobbies (
    id integer NOT NULL,
    user_id integer,
    title character varying,
    likes integer,
    description text,
    summary character varying,
    address character varying,
    created_at timestamp without time zone NOT NULL,
    updated_at timestamp without time zone NOT NULL,
    review_count integer,
    deleted boolean,
    hidden boolean,
    latitude double precision,
    longitude double precision,
    average_score double precision
);


ALTER TABLE hobbies OWNER TO nguyenthutrang;

--
-- Name: hobbies_id_seq; Type: SEQUENCE; Schema: public; Owner: nguyenthutrang
--

CREATE SEQUENCE hobbies_id_seq
    START WITH 1
    INCREMENT BY 1
    NO MINVALUE
    NO MAXVALUE
    CACHE 1;


ALTER TABLE hobbies_id_seq OWNER TO nguyenthutrang;

--
-- Name: hobbies_id_seq; Type: SEQUENCE OWNED BY; Schema: public; Owner: nguyenthutrang
--

ALTER SEQUENCE hobbies_id_seq OWNED BY hobbies.id;


--
-- Name: hobby_categories; Type: TABLE; Schema: public; Owner: nguyenthutrang
--

CREATE TABLE hobby_categories (
    id integer NOT NULL,
    category_id integer,
    hobby_id integer,
    created_at timestamp without time zone NOT NULL,
    updated_at timestamp without time zone NOT NULL
);


ALTER TABLE hobby_categories OWNER TO nguyenthutrang;

--
-- Name: hobby_categories_id_seq; Type: SEQUENCE; Schema: public; Owner: nguyenthutrang
--

CREATE SEQUENCE hobby_categories_id_seq
    START WITH 1
    INCREMENT BY 1
    NO MINVALUE
    NO MAXVALUE
    CACHE 1;


ALTER TABLE hobby_categories_id_seq OWNER TO nguyenthutrang;

--
-- Name: hobby_categories_id_seq; Type: SEQUENCE OWNED BY; Schema: public; Owner: nguyenthutrang
--

ALTER SEQUENCE hobby_categories_id_seq OWNED BY hobby_categories.id;


--
-- Name: schema_migrations; Type: TABLE; Schema: public; Owner: nguyenthutrang
--

CREATE TABLE schema_migrations (
    version character varying NOT NULL
);


ALTER TABLE schema_migrations OWNER TO nguyenthutrang;

--
-- Name: user_categories; Type: TABLE; Schema: public; Owner: nguyenthutrang
--

CREATE TABLE user_categories (
    id integer NOT NULL,
    category_id integer,
    user_id integer,
    created_at timestamp without time zone NOT NULL,
    updated_at timestamp without time zone NOT NULL
);


ALTER TABLE user_categories OWNER TO nguyenthutrang;

--
-- Name: user_categories_id_seq; Type: SEQUENCE; Schema: public; Owner: nguyenthutrang
--

CREATE SEQUENCE user_categories_id_seq
    START WITH 1
    INCREMENT BY 1
    NO MINVALUE
    NO MAXVALUE
    CACHE 1;


ALTER TABLE user_categories_id_seq OWNER TO nguyenthutrang;

--
-- Name: user_categories_id_seq; Type: SEQUENCE OWNED BY; Schema: public; Owner: nguyenthutrang
--

ALTER SEQUENCE user_categories_id_seq OWNED BY user_categories.id;


--
-- Name: users; Type: TABLE; Schema: public; Owner: nguyenthutrang
--

CREATE TABLE users (
    id integer NOT NULL,
    email character varying DEFAULT ''::character varying NOT NULL,
    encrypted_password character varying DEFAULT ''::character varying NOT NULL,
    reset_password_token character varying,
    reset_password_sent_at timestamp without time zone,
    remember_created_at timestamp without time zone,
    sign_in_count integer DEFAULT 0 NOT NULL,
    current_sign_in_at timestamp without time zone,
    last_sign_in_at timestamp without time zone,
    current_sign_in_ip inet,
    last_sign_in_ip inet,
    created_at timestamp without time zone NOT NULL,
    updated_at timestamp without time zone NOT NULL,
    first_name character varying NOT NULL,
    last_name character varying NOT NULL,
    bio text,
    gender character varying,
    phone_number character varying,
    birthdate date,
    admin boolean DEFAULT false,
    provider character varying,
    uid character varying,
    facebook_picture_url character varying,
    token character varying,
    token_expiry timestamp without time zone,
    wechat_id character varying
);


ALTER TABLE users OWNER TO nguyenthutrang;

--
-- Name: users_id_seq; Type: SEQUENCE; Schema: public; Owner: nguyenthutrang
--

CREATE SEQUENCE users_id_seq
    START WITH 1
    INCREMENT BY 1
    NO MINVALUE
    NO MAXVALUE
    CACHE 1;


ALTER TABLE users_id_seq OWNER TO nguyenthutrang;

--
-- Name: users_id_seq; Type: SEQUENCE OWNED BY; Schema: public; Owner: nguyenthutrang
--

ALTER SEQUENCE users_id_seq OWNED BY users.id;


--
-- Name: votes; Type: TABLE; Schema: public; Owner: nguyenthutrang
--

CREATE TABLE votes (
    id integer NOT NULL,
    votable_type character varying,
    votable_id integer,
    voter_type character varying,
    voter_id integer,
    vote_flag boolean,
    vote_scope character varying,
    vote_weight integer,
    created_at timestamp without time zone,
    updated_at timestamp without time zone
);


ALTER TABLE votes OWNER TO nguyenthutrang;

--
-- Name: votes_id_seq; Type: SEQUENCE; Schema: public; Owner: nguyenthutrang
--

CREATE SEQUENCE votes_id_seq
    START WITH 1
    INCREMENT BY 1
    NO MINVALUE
    NO MAXVALUE
    CACHE 1;


ALTER TABLE votes_id_seq OWNER TO nguyenthutrang;

--
-- Name: votes_id_seq; Type: SEQUENCE OWNED BY; Schema: public; Owner: nguyenthutrang
--

ALTER SEQUENCE votes_id_seq OWNED BY votes.id;


--
-- Name: attachinary_files id; Type: DEFAULT; Schema: public; Owner: nguyenthutrang
--

ALTER TABLE ONLY attachinary_files ALTER COLUMN id SET DEFAULT nextval('attachinary_files_id_seq'::regclass);


--
-- Name: bookings id; Type: DEFAULT; Schema: public; Owner: nguyenthutrang
--

ALTER TABLE ONLY bookings ALTER COLUMN id SET DEFAULT nextval('bookings_id_seq'::regclass);


--
-- Name: categories id; Type: DEFAULT; Schema: public; Owner: nguyenthutrang
--

ALTER TABLE ONLY categories ALTER COLUMN id SET DEFAULT nextval('categories_id_seq'::regclass);


--
-- Name: events id; Type: DEFAULT; Schema: public; Owner: nguyenthutrang
--

ALTER TABLE ONLY events ALTER COLUMN id SET DEFAULT nextval('events_id_seq'::regclass);


--
-- Name: hobbies id; Type: DEFAULT; Schema: public; Owner: nguyenthutrang
--

ALTER TABLE ONLY hobbies ALTER COLUMN id SET DEFAULT nextval('hobbies_id_seq'::regclass);


--
-- Name: hobby_categories id; Type: DEFAULT; Schema: public; Owner: nguyenthutrang
--

ALTER TABLE ONLY hobby_categories ALTER COLUMN id SET DEFAULT nextval('hobby_categories_id_seq'::regclass);


--
-- Name: user_categories id; Type: DEFAULT; Schema: public; Owner: nguyenthutrang
--

ALTER TABLE ONLY user_categories ALTER COLUMN id SET DEFAULT nextval('user_categories_id_seq'::regclass);


--
-- Name: users id; Type: DEFAULT; Schema: public; Owner: nguyenthutrang
--

ALTER TABLE ONLY users ALTER COLUMN id SET DEFAULT nextval('users_id_seq'::regclass);


--
-- Name: votes id; Type: DEFAULT; Schema: public; Owner: nguyenthutrang
--

ALTER TABLE ONLY votes ALTER COLUMN id SET DEFAULT nextval('votes_id_seq'::regclass);


--
-- Data for Name: ar_internal_metadata; Type: TABLE DATA; Schema: public; Owner: nguyenthutrang
--

COPY ar_internal_metadata (key, value, created_at, updated_at) FROM stdin;
environment	development	2017-03-30 07:25:18.813974	2017-03-30 07:25:18.813974
\.


--
-- Data for Name: attachinary_files; Type: TABLE DATA; Schema: public; Owner: nguyenthutrang
--

COPY attachinary_files (id, attachinariable_type, attachinariable_id, scope, public_id, version, width, height, format, resource_type, created_at, updated_at) FROM stdin;
1	Hobby	1	photos	ry3glpnqh0gcch60vpbh	1490860249	770	433	jpg	image	2017-03-30 07:50:56.80221	2017-03-30 07:50:56.80221
2	Hobby	2	photos	zywo83abrn6xznp45560	1490870957	770	433	jpg	image	2017-03-30 10:49:23.958267	2017-03-30 10:49:23.958267
3	User	6	photo	v3teqqwwtbho8mpy22wi	1490945020	770	433	jpg	image	2017-03-31 07:23:46.276628	2017-03-31 07:23:46.276628
4	User	7	photo	z3bc3r4iodkad3bmsjhe	1490945439	770	433	jpg	image	2017-03-31 07:30:46.26219	2017-03-31 07:30:46.26219
5	User	10	photo	slcvsgwruoupgdnmy4rx	1491031924	770	433	jpg	image	2017-04-01 07:32:07.020464	2017-04-01 07:32:07.020464
6	Hobby	4	photos	cdqi0pzurmvnhxngswph	1491121562	770	433	jpg	image	2017-04-02 08:26:05.743405	2017-04-02 08:26:05.743405
7	Hobby	5	photos	ghwwr5jlhqpyhmjsvwfr	1491133192	770	433	jpg	image	2017-04-02 11:39:56.473117	2017-04-02 11:39:56.473117
8	User	11	photo	h704pqxurqivoxoix0fa	1491197346	770	433	jpg	image	2017-04-03 05:29:09.599189	2017-04-03 05:29:09.599189
9	Hobby	6	photos	bld6webqatbtgffeynkl	1491205177	980	490	jpg	image	2017-04-03 07:39:43.552198	2017-04-03 07:39:43.552198
10	Hobby	7	photos	yb2czth2xdaae1k93akh	1491279209	960	631	jpg	image	2017-04-04 04:13:43.90763	2017-04-04 04:13:43.90763
11	Hobby	7	photos	rpjjmkyvwmdxqny4hbds	1491279210	300	168	jpg	image	2017-04-04 04:13:47.081943	2017-04-04 04:13:47.081943
12	Hobby	7	photos	vjpsjkiilrgzscw5wo6m	1491279211	247	204	jpg	image	2017-04-04 04:13:54.513931	2017-04-04 04:13:54.513931
13	Hobby	7	photos	apn0j2df3doyac7xnxve	1491279213	980	490	jpg	image	2017-04-04 04:14:08.576533	2017-04-04 04:14:08.576533
14	Hobby	7	photos	hrqlx1xbgeost67elbmx	1491279213	770	433	jpg	image	2017-04-04 04:14:11.503604	2017-04-04 04:14:11.503604
\.


--
-- Name: attachinary_files_id_seq; Type: SEQUENCE SET; Schema: public; Owner: nguyenthutrang
--

SELECT pg_catalog.setval('attachinary_files_id_seq', 14, true);


--
-- Data for Name: bookings; Type: TABLE DATA; Schema: public; Owner: nguyenthutrang
--

COPY bookings (id, event_id, user_id, review, comment, pax, created_at, updated_at, status) FROM stdin;
1	1	1	0	cool	\N	2017-03-30 07:56:35.425715	2017-03-30 08:46:59.513216	\N
2	1	4	\N	\N	3	2017-03-30 11:17:21.942117	2017-03-30 11:17:21.942117	accepted
4	4	1	\N	\N	1	2017-03-31 05:26:35.373905	2017-03-31 05:26:35.373905	accepted
3	3	1	\N	\N	3	2017-03-31 05:21:13.650696	2017-03-31 06:46:40.727566	accepted
5	6	1	\N	\N	3	2017-04-02 11:41:48.261548	2017-04-02 11:55:58.709498	accepted
6	7	11	\N	\N	1	2017-04-03 05:30:35.233245	2017-04-03 05:30:35.233245	accepted
\.


--
-- Name: bookings_id_seq; Type: SEQUENCE SET; Schema: public; Owner: nguyenthutrang
--

SELECT pg_catalog.setval('bookings_id_seq', 6, true);


--
-- Data for Name: categories; Type: TABLE DATA; Schema: public; Owner: nguyenthutrang
--

COPY categories (id, name, created_at, updated_at, photo_url) FROM stdin;
1	Woodworking	2017-03-30 07:50:35.019718	2017-03-30 07:50:35.019718	\N
2	Cooking	2017-03-30 07:50:35.032548	2017-03-30 07:50:35.032548	\N
3	Pottery	2017-03-30 07:50:35.041381	2017-03-30 07:50:35.041381	\N
4	Knitting	2017-03-30 07:50:35.04723	2017-03-30 07:50:35.04723	\N
5	Drawing	2017-03-30 07:50:35.053287	2017-03-30 07:50:35.053287	\N
6	Music	2017-03-30 07:50:35.057607	2017-03-30 07:50:35.057607	\N
7	Language	2017-03-30 07:50:35.062275	2017-03-30 07:50:35.062275	\N
8	Cocktails	2017-03-30 07:50:35.069399	2017-03-30 07:50:35.069399	\N
\.


--
-- Name: categories_id_seq; Type: SEQUENCE SET; Schema: public; Owner: nguyenthutrang
--

SELECT pg_catalog.setval('categories_id_seq', 8, true);


--
-- Data for Name: events; Type: TABLE DATA; Schema: public; Owner: nguyenthutrang
--

COPY events (id, hobby_id, price, min_pax, max_pax, created_at, updated_at, start_time, end_time) FROM stdin;
1	1	200	10	20	2017-03-30 07:52:12.919009	2017-03-30 07:52:12.919009	2017-03-30 07:50:00	2017-03-30 07:51:00
2	1	100	2	2	2017-03-31 04:31:45.060066	2017-03-31 04:31:45.060066	2017-03-31 04:31:00	2017-03-31 04:31:00
3	3	200	10	20	2017-03-31 05:20:45.803378	2017-03-31 05:20:45.803378	2017-05-31 05:20:00	2017-05-31 05:20:00
4	3	200	10	20	2017-03-31 05:25:49.97656	2017-03-31 05:25:49.97656	2017-03-03 05:25:00	2017-03-03 05:25:00
5	1	200	10	20	2017-04-01 11:49:36.24772	2017-04-01 11:49:36.24772	2017-04-01 11:49:00	2017-04-01 11:49:00
6	5	200	10	20	2017-04-02 11:41:16.782111	2017-04-02 11:41:16.782111	2017-04-02 11:40:00	2017-04-02 12:40:00
7	1	200	10	20	2017-04-03 04:30:43.44597	2017-04-03 04:30:43.44597	2017-04-03 04:30:00	2017-04-03 04:30:00
\.


--
-- Name: events_id_seq; Type: SEQUENCE SET; Schema: public; Owner: nguyenthutrang
--

SELECT pg_catalog.setval('events_id_seq', 7, true);


--
-- Data for Name: hobbies; Type: TABLE DATA; Schema: public; Owner: nguyenthutrang
--

COPY hobbies (id, user_id, title, likes, description, summary, address, created_at, updated_at, review_count, deleted, hidden, latitude, longitude, average_score) FROM stdin;
2	4	Cooking	0	Amazing workshop on cooking	Amazing workshop on cooking	Shanghai	2017-03-30 10:49:23.946441	2017-03-30 10:50:10.109028	0	f	f	31.2304160000000017	121.473701000000005	5
1	1	Woodworking	0	Cool	Cool	Shanghai	2017-03-30 07:50:56.787036	2017-03-31 09:59:16.562052	1	f	f	31.2304160000000017	121.473701000000005	0
4	1	League of Legends	0	awesome	awesome	Shanghai	2017-04-02 08:26:05.717533	2017-04-02 08:26:05.717533	0	f	f	\N	\N	0
3	5	Making cookies	0	Amazing	Amazing	Shanghai	2017-03-31 05:20:03.410604	2017-04-02 11:07:25.014991	0	f	f	31.2304160000000017	121.473701000000005	3.29999999999999982
5	5	Gardening	0	Gardening	Gardening	Shanghai	2017-04-02 11:39:56.458493	2017-04-02 11:39:56.458493	0	f	f	31.2304160000000017	121.473701000000005	0
6	1	Ice cream making	0	Ice cream	Learn how to make amazing ice cream in a pleasant company	Shanghai	2017-04-03 07:39:43.229793	2017-04-03 08:33:39.385972	0	f	f	31.2304160000000017	121.473701000000005	0
7	1	Origami	0	Origami	Cool	Shanghai	2017-04-04 04:13:43.814679	2017-04-04 04:13:43.814679	0	f	f	31.2304160000000017	121.473701000000005	0
\.


--
-- Name: hobbies_id_seq; Type: SEQUENCE SET; Schema: public; Owner: nguyenthutrang
--

SELECT pg_catalog.setval('hobbies_id_seq', 7, true);


--
-- Data for Name: hobby_categories; Type: TABLE DATA; Schema: public; Owner: nguyenthutrang
--

COPY hobby_categories (id, category_id, hobby_id, created_at, updated_at) FROM stdin;
1	1	1	2017-03-30 07:50:58.308959	2017-03-30 07:50:58.308959
2	2	1	2017-03-30 07:50:58.318131	2017-03-30 07:50:58.318131
3	2	2	2017-03-30 10:49:25.461834	2017-03-30 10:49:25.461834
4	3	2	2017-03-30 10:49:25.468819	2017-03-30 10:49:25.468819
5	4	2	2017-03-30 10:49:25.47521	2017-03-30 10:49:25.47521
6	2	3	2017-03-31 05:20:03.447987	2017-03-31 05:20:03.447987
7	3	3	2017-03-31 05:20:03.459257	2017-03-31 05:20:03.459257
8	4	3	2017-03-31 05:20:03.463801	2017-03-31 05:20:03.463801
9	6	4	2017-04-02 08:26:06.76521	2017-04-02 08:26:06.76521
10	7	4	2017-04-02 08:26:06.771937	2017-04-02 08:26:06.771937
11	2	5	2017-04-02 11:39:57.979569	2017-04-02 11:39:57.979569
12	3	5	2017-04-02 11:39:57.984311	2017-04-02 11:39:57.984311
13	2	6	2017-04-03 07:39:46.32981	2017-04-03 07:39:46.32981
14	5	7	2017-04-04 04:14:13.929084	2017-04-04 04:14:13.929084
15	6	7	2017-04-04 04:14:13.934493	2017-04-04 04:14:13.934493
\.


--
-- Name: hobby_categories_id_seq; Type: SEQUENCE SET; Schema: public; Owner: nguyenthutrang
--

SELECT pg_catalog.setval('hobby_categories_id_seq', 15, true);


--
-- Data for Name: schema_migrations; Type: TABLE DATA; Schema: public; Owner: nguyenthutrang
--

COPY schema_migrations (version) FROM stdin;
20170327131455
20170327133838
20170327141005
20170327141536
20170327141841
20170327142139
20170327142347
20170327142613
20170327145435
20170328061215
20170328065320
20170328082519
20170329065954
20170329095034
20170330061155
20170330063403
20170402082052
20170403023223
20170403045410
20170403052942
\.


--
-- Data for Name: user_categories; Type: TABLE DATA; Schema: public; Owner: nguyenthutrang
--

COPY user_categories (id, category_id, user_id, created_at, updated_at) FROM stdin;
1	2	4	2017-03-30 10:22:42.608043	2017-03-30 10:22:42.608043
2	3	4	2017-03-30 10:22:42.624934	2017-03-30 10:22:42.624934
3	1	5	2017-03-31 05:19:12.42611	2017-03-31 05:19:12.42611
4	2	5	2017-03-31 05:19:12.440528	2017-03-31 05:19:12.440528
5	3	5	2017-03-31 05:19:12.447573	2017-03-31 05:19:12.447573
6	1	6	2017-03-31 07:23:47.752709	2017-03-31 07:23:47.752709
7	2	6	2017-03-31 07:23:47.761668	2017-03-31 07:23:47.761668
8	6	7	2017-03-31 07:30:47.720361	2017-03-31 07:30:47.720361
9	7	7	2017-03-31 07:30:47.725634	2017-03-31 07:30:47.725634
10	5	9	2017-03-31 07:45:48.491014	2017-03-31 07:45:48.491014
11	6	9	2017-03-31 07:45:48.501692	2017-03-31 07:45:48.501692
12	1	10	2017-04-01 07:32:08.701562	2017-04-01 07:32:08.701562
13	3	10	2017-04-01 07:32:08.728183	2017-04-01 07:32:08.728183
14	1	11	2017-04-03 05:29:12.420972	2017-04-03 05:29:12.420972
15	2	11	2017-04-03 05:29:12.436241	2017-04-03 05:29:12.436241
16	3	11	2017-04-03 05:29:12.444821	2017-04-03 05:29:12.444821
\.


--
-- Name: user_categories_id_seq; Type: SEQUENCE SET; Schema: public; Owner: nguyenthutrang
--

SELECT pg_catalog.setval('user_categories_id_seq', 16, true);


--
-- Data for Name: users; Type: TABLE DATA; Schema: public; Owner: nguyenthutrang
--

COPY users (id, email, encrypted_password, reset_password_token, reset_password_sent_at, remember_created_at, sign_in_count, current_sign_in_at, last_sign_in_at, current_sign_in_ip, last_sign_in_ip, created_at, updated_at, first_name, last_name, bio, gender, phone_number, birthdate, admin, provider, uid, facebook_picture_url, token, token_expiry, wechat_id) FROM stdin;
2	victor@mail.ru	$2a$11$d.4wgxq4dzbyGk.f1rGtouizFU8WEQfkWdIsAabIfeo7lRfOjYXjq	\N	\N	\N	1	2017-03-30 09:34:28.431994	2017-03-30 09:34:28.431994	::1	::1	2017-03-30 09:34:28.419074	2017-03-30 09:34:28.434972	Victor	Karamyshev	\N	\N	\N	\N	f	\N	\N	\N	\N	\N	\N
3	asdas@mail.com	$2a$11$VCw3YjW2JjE6PMP4HEtbteeXEkOEc7UNQlqEwqoO7if.k1.G2BlkG	\N	\N	\N	1	2017-03-30 10:16:17.515918	2017-03-30 10:16:17.515918	::1	::1	2017-03-30 10:16:17.50648	2017-03-30 10:16:17.517586	George	Nunlist	\N	\N	\N	\N	f	\N	\N	\N	\N	\N	\N
4	kirkorov@mail.com	$2a$11$ZRbhh/dhqPeo8Q4twjpRL.nUN.MJySvt5O/xwV4wE0ylHqu3klDLu	\N	\N	\N	1	2017-03-30 10:22:42.57185	2017-03-30 10:22:42.57185	::1	::1	2017-03-30 10:22:42.565175	2017-03-30 10:22:42.573397	Filip	Kirkorov	\N	\N	\N	\N	f	\N	\N	\N	\N	\N	\N
9	maksimkhier@outlook.com	$2a$11$iRxnCJ5fYLid3.tx4MnkQeQnf0x09O3o/4/w1JPFKtZa01sAJ2opy	\N	\N	\N	1	2017-03-31 07:45:48.44979	2017-03-31 07:45:48.44979	::1	::1	2017-03-31 07:45:48.436886	2017-03-31 07:45:48.452315	Bradley	Morgan	\N	\N	\N	\N	f	\N	\N	\N	\N	\N	\N
1	maksimkhier@gmail.com	$2a$11$lzTxsqTRVQR9BafKrf1kw.Ucm36lpetQZ9jHJqYewPDndQdfphMYK	\N	\N	\N	20	2017-04-04 03:59:45.795817	2017-04-03 05:10:41.887027	::1	::1	2017-03-30 07:47:35.729067	2017-04-04 03:59:45.800181	Maksim	Khier	\N	\N	\N	\N	f	facebook	10211205733246414	https://graph.facebook.com/v2.6/10211205733246414/picture?type=square	EAAPxcZBRpzD4BANoHj7yJb3vxNLZCir5qB1qNBnvGCwZCnos0VgKaxpOZA4aFkQ05uZAbfYmaOU60g2nTbLrnZBUfezczHI19ogw3wNR45H6ZCqzo4R0NK3LUIPZClChAxx9dq0CG0Ph6OS0VXIyHccHnPs9rqrCA3AZD	2017-06-03 03:59:40	\N
5	ilgiz@mail.ru	$2a$11$Je8RWzVnPcJXqL3u3v5kFObTDn6bWwjcaRm/QJFBsSqton.I.zf/q	\N	\N	\N	2	2017-04-02 11:39:13.548012	2017-03-31 05:19:12.321761	::1	127.0.0.1	2017-03-31 05:19:12.293984	2017-04-02 11:39:13.578094	Ilgiz	Asypbekov	\N	\N	\N	\N	f	\N	\N	\N	\N	\N	\N
6	john@mail.com	$2a$11$IeuPOEg763l6FB2Gb95n2Opxtpd2hL1TH8y/2FXGspbiQqYqAquhO	\N	\N	\N	1	2017-03-31 07:23:47.703862	2017-03-31 07:23:47.703862	::1	::1	2017-03-31 07:23:46.254811	2017-03-31 07:23:47.705513	john	mal	\N	\N	\N	\N	f	\N	\N	\N	\N	\N	\N
7	brad@mail.ru	$2a$11$c6yiOmWaEffecMRQD.5WJumFbiSad5A1APA5pOQrnnKvtO0pjlbT6	\N	\N	\N	1	2017-03-31 07:30:47.679172	2017-03-31 07:30:47.679172	::1	::1	2017-03-31 07:30:46.259314	2017-03-31 07:30:47.681592	Bradley	Morgan	\N	\N	\N	\N	f	\N	\N	\N	\N	\N	\N
8	somasdas@mail.ru	$2a$11$OBAMxxwaEcGEEuepbCAm9ugqvaKh4yBfVw8CFAvCPPbgOfNKsgLmW	\N	\N	\N	1	2017-03-31 07:44:36.939119	2017-03-31 07:44:36.939119	::1	::1	2017-03-31 07:44:36.930121	2017-03-31 07:44:36.940254	Alex	are	\N	\N	\N	\N	f	\N	\N	\N	\N	\N	\N
10	coi@mail.ru	$2a$11$8k15QCKfppuVoP9Vj6QnAO/X8PiE4jlYi0vYD2DuDKswqIOVlStcG	\N	\N	\N	1	2017-04-01 07:32:08.481659	2017-04-01 07:32:08.481659	::1	::1	2017-04-01 07:32:06.927639	2017-04-01 07:32:08.483702	Yulia	Tsoy	\N	\N	\N	\N	f	\N	\N	\N	\N	\N	\N
11	pugacheva@mail.ru	$2a$11$rBrW.ZyV6ezp/WA/U5/BBOY3smPBx/25Dwi1EgtJhmzwesXRg2DRC	\N	\N	\N	1	2017-04-03 05:29:12.317763	2017-04-03 05:29:12.317763	::1	::1	2017-04-03 05:29:09.561965	2017-04-03 05:29:12.320257	Alla	Pugacheva	\N	\N	\N	\N	f	\N	\N	\N	\N	\N	\N
\.


--
-- Name: users_id_seq; Type: SEQUENCE SET; Schema: public; Owner: nguyenthutrang
--

SELECT pg_catalog.setval('users_id_seq', 11, true);


--
-- Data for Name: votes; Type: TABLE DATA; Schema: public; Owner: nguyenthutrang
--

COPY votes (id, votable_type, votable_id, voter_type, voter_id, vote_flag, vote_scope, vote_weight, created_at, updated_at) FROM stdin;
111	Hobby	2	User	1	t	\N	1	2017-04-03 10:56:28.95389	2017-04-03 10:56:28.95389
\.


--
-- Name: votes_id_seq; Type: SEQUENCE SET; Schema: public; Owner: nguyenthutrang
--

SELECT pg_catalog.setval('votes_id_seq', 111, true);


--
-- Name: ar_internal_metadata ar_internal_metadata_pkey; Type: CONSTRAINT; Schema: public; Owner: nguyenthutrang
--

ALTER TABLE ONLY ar_internal_metadata
    ADD CONSTRAINT ar_internal_metadata_pkey PRIMARY KEY (key);


--
-- Name: attachinary_files attachinary_files_pkey; Type: CONSTRAINT; Schema: public; Owner: nguyenthutrang
--

ALTER TABLE ONLY attachinary_files
    ADD CONSTRAINT attachinary_files_pkey PRIMARY KEY (id);


--
-- Name: bookings bookings_pkey; Type: CONSTRAINT; Schema: public; Owner: nguyenthutrang
--

ALTER TABLE ONLY bookings
    ADD CONSTRAINT bookings_pkey PRIMARY KEY (id);


--
-- Name: categories categories_pkey; Type: CONSTRAINT; Schema: public; Owner: nguyenthutrang
--

ALTER TABLE ONLY categories
    ADD CONSTRAINT categories_pkey PRIMARY KEY (id);


--
-- Name: events events_pkey; Type: CONSTRAINT; Schema: public; Owner: nguyenthutrang
--

ALTER TABLE ONLY events
    ADD CONSTRAINT events_pkey PRIMARY KEY (id);


--
-- Name: hobbies hobbies_pkey; Type: CONSTRAINT; Schema: public; Owner: nguyenthutrang
--

ALTER TABLE ONLY hobbies
    ADD CONSTRAINT hobbies_pkey PRIMARY KEY (id);


--
-- Name: hobby_categories hobby_categories_pkey; Type: CONSTRAINT; Schema: public; Owner: nguyenthutrang
--

ALTER TABLE ONLY hobby_categories
    ADD CONSTRAINT hobby_categories_pkey PRIMARY KEY (id);


--
-- Name: schema_migrations schema_migrations_pkey; Type: CONSTRAINT; Schema: public; Owner: nguyenthutrang
--

ALTER TABLE ONLY schema_migrations
    ADD CONSTRAINT schema_migrations_pkey PRIMARY KEY (version);


--
-- Name: user_categories user_categories_pkey; Type: CONSTRAINT; Schema: public; Owner: nguyenthutrang
--

ALTER TABLE ONLY user_categories
    ADD CONSTRAINT user_categories_pkey PRIMARY KEY (id);


--
-- Name: users users_pkey; Type: CONSTRAINT; Schema: public; Owner: nguyenthutrang
--

ALTER TABLE ONLY users
    ADD CONSTRAINT users_pkey PRIMARY KEY (id);


--
-- Name: votes votes_pkey; Type: CONSTRAINT; Schema: public; Owner: nguyenthutrang
--

ALTER TABLE ONLY votes
    ADD CONSTRAINT votes_pkey PRIMARY KEY (id);


--
-- Name: by_scoped_parent; Type: INDEX; Schema: public; Owner: nguyenthutrang
--

CREATE INDEX by_scoped_parent ON attachinary_files USING btree (attachinariable_type, attachinariable_id, scope);


--
-- Name: index_bookings_on_event_id; Type: INDEX; Schema: public; Owner: nguyenthutrang
--

CREATE INDEX index_bookings_on_event_id ON bookings USING btree (event_id);


--
-- Name: index_bookings_on_user_id; Type: INDEX; Schema: public; Owner: nguyenthutrang
--

CREATE INDEX index_bookings_on_user_id ON bookings USING btree (user_id);


--
-- Name: index_events_on_hobby_id; Type: INDEX; Schema: public; Owner: nguyenthutrang
--

CREATE INDEX index_events_on_hobby_id ON events USING btree (hobby_id);


--
-- Name: index_hobbies_on_user_id; Type: INDEX; Schema: public; Owner: nguyenthutrang
--

CREATE INDEX index_hobbies_on_user_id ON hobbies USING btree (user_id);


--
-- Name: index_hobby_categories_on_category_id; Type: INDEX; Schema: public; Owner: nguyenthutrang
--

CREATE INDEX index_hobby_categories_on_category_id ON hobby_categories USING btree (category_id);


--
-- Name: index_hobby_categories_on_hobby_id; Type: INDEX; Schema: public; Owner: nguyenthutrang
--

CREATE INDEX index_hobby_categories_on_hobby_id ON hobby_categories USING btree (hobby_id);


--
-- Name: index_user_categories_on_category_id; Type: INDEX; Schema: public; Owner: nguyenthutrang
--

CREATE INDEX index_user_categories_on_category_id ON user_categories USING btree (category_id);


--
-- Name: index_user_categories_on_user_id; Type: INDEX; Schema: public; Owner: nguyenthutrang
--

CREATE INDEX index_user_categories_on_user_id ON user_categories USING btree (user_id);


--
-- Name: index_users_on_email; Type: INDEX; Schema: public; Owner: nguyenthutrang
--

CREATE UNIQUE INDEX index_users_on_email ON users USING btree (email);


--
-- Name: index_users_on_reset_password_token; Type: INDEX; Schema: public; Owner: nguyenthutrang
--

CREATE UNIQUE INDEX index_users_on_reset_password_token ON users USING btree (reset_password_token);


--
-- Name: index_votes_on_votable_id_and_votable_type_and_vote_scope; Type: INDEX; Schema: public; Owner: nguyenthutrang
--

CREATE INDEX index_votes_on_votable_id_and_votable_type_and_vote_scope ON votes USING btree (votable_id, votable_type, vote_scope);


--
-- Name: index_votes_on_voter_id_and_votable_id; Type: INDEX; Schema: public; Owner: nguyenthutrang
--

CREATE UNIQUE INDEX index_votes_on_voter_id_and_votable_id ON votes USING btree (voter_id, votable_id);


--
-- Name: index_votes_on_voter_id_and_voter_type_and_vote_scope; Type: INDEX; Schema: public; Owner: nguyenthutrang
--

CREATE INDEX index_votes_on_voter_id_and_voter_type_and_vote_scope ON votes USING btree (voter_id, voter_type, vote_scope);


--
-- Name: user_categories fk_rails_0457e32cde; Type: FK CONSTRAINT; Schema: public; Owner: nguyenthutrang
--

ALTER TABLE ONLY user_categories
    ADD CONSTRAINT fk_rails_0457e32cde FOREIGN KEY (category_id) REFERENCES categories(id);


--
-- Name: user_categories fk_rails_1cc6b36bdf; Type: FK CONSTRAINT; Schema: public; Owner: nguyenthutrang
--

ALTER TABLE ONLY user_categories
    ADD CONSTRAINT fk_rails_1cc6b36bdf FOREIGN KEY (user_id) REFERENCES users(id);


--
-- Name: hobby_categories fk_rails_3fc2c4c1cc; Type: FK CONSTRAINT; Schema: public; Owner: nguyenthutrang
--

ALTER TABLE ONLY hobby_categories
    ADD CONSTRAINT fk_rails_3fc2c4c1cc FOREIGN KEY (category_id) REFERENCES categories(id);


--
-- Name: hobby_categories fk_rails_6aaf71ef68; Type: FK CONSTRAINT; Schema: public; Owner: nguyenthutrang
--

ALTER TABLE ONLY hobby_categories
    ADD CONSTRAINT fk_rails_6aaf71ef68 FOREIGN KEY (hobby_id) REFERENCES hobbies(id);


--
-- Name: events fk_rails_a102169411; Type: FK CONSTRAINT; Schema: public; Owner: nguyenthutrang
--

ALTER TABLE ONLY events
    ADD CONSTRAINT fk_rails_a102169411 FOREIGN KEY (hobby_id) REFERENCES hobbies(id);


--
-- Name: hobbies fk_rails_d9ba65d5fb; Type: FK CONSTRAINT; Schema: public; Owner: nguyenthutrang
--

ALTER TABLE ONLY hobbies
    ADD CONSTRAINT fk_rails_d9ba65d5fb FOREIGN KEY (user_id) REFERENCES users(id);


--
-- Name: bookings fk_rails_ed4eb3baca; Type: FK CONSTRAINT; Schema: public; Owner: nguyenthutrang
--

ALTER TABLE ONLY bookings
    ADD CONSTRAINT fk_rails_ed4eb3baca FOREIGN KEY (event_id) REFERENCES events(id);


--
-- Name: bookings fk_rails_ef0571f117; Type: FK CONSTRAINT; Schema: public; Owner: nguyenthutrang
--

ALTER TABLE ONLY bookings
    ADD CONSTRAINT fk_rails_ef0571f117 FOREIGN KEY (user_id) REFERENCES users(id);


--
-- PostgreSQL database dump complete
--

